breed_name,gene_id,count_breed,count_total,Proportion
THOROUGHBRED,ENSECAG00000046751,3,7,0.42857142857142855
QUARTER HORSE,ENSECAG00000046751,2,7,0.2857142857142857
HANOVERIAN,ENSECAG00000046751,1,7,0.14285714285714285
ARABIAN,ENSECAG00000046751,1,7,0.14285714285714285
